subject_id,session_id,protocol_version,event_number,timestamp
S01,S01,V1,1,2013-02-20 18:01:30+00:00
S01,S01,V1,2,2013-02-20 18:05:37+00:00
S01,S01,V1,3,2013-02-20 18:08:32+00:00
S01,S01,V1,4,2013-02-20 18:10:17+00:00
S01,S01,V1,5,2013-02-20 18:17:37+00:00
S01,S01,V1,6,2013-02-20 18:19:42+00:00
S01,S01,V1,7,2013-02-20 18:24:49+00:00
S01,S01,V1,8,2013-02-20 18:25:17+00:00
S01,S01,V1,9,2013-02-20 18:25:55+00:00
S01,S01,V1,10,2013-02-20 18:26:32+00:00
S01,S01,V1,11,2013-02-20 18:27:14+00:00
S01,S01,V1,12,2013-02-20 18:27:46+00:00
S01,S01,V1,13,2013-02-20 18:28:01+00:00
S02,S02,V1,1,2013-02-20 18:49:30+00:00
S02,S02,V1,2,2013-02-20 18:52:42+00:00
S02,S02,V1,3,2013-02-20 18:54:08+00:00
S02,S02,V1,4,2013-02-20 18:56:04+00:00
S02,S02,V1,5,2013-02-20 19:00:13+00:00
S02,S02,V1,6,2013-02-20 19:02:20+00:00
S02,S02,V1,7,2013-02-20 19:08:15+00:00
S02,S02,V1,8,2013-02-20 19:08:50+00:00
S02,S02,V1,9,2013-02-20 19:09:18+00:00
S02,S02,V1,10,2013-02-20 19:09:52+00:00
S02,S02,V1,11,2013-02-20 19:10:16+00:00
S02,S02,V1,12,2013-02-20 19:10:49+00:00
S02,S02,V1,13,2013-02-20 19:11:05+00:00
S03,S03,V1,1,2013-03-06 17:08:51+00:00
S03,S03,V1,2,2013-03-06 17:11:58+00:00
S03,S03,V1,3,2013-03-06 17:13:25+00:00
S03,S03,V1,4,2013-03-06 17:15:09+00:00
S03,S03,V1,5,2013-03-06 17:19:25+00:00
S03,S03,V1,6,2013-03-06 17:21:33+00:00
S03,S03,V1,7,2013-03-06 17:26:28+00:00
S03,S03,V1,8,2013-03-06 17:27:02+00:00
S03,S03,V1,9,2013-03-06 17:27:21+00:00
S03,S03,V1,10,2013-03-06 17:27:52+00:00
S03,S03,V1,11,2013-03-06 17:28:22+00:00
S03,S03,V1,12,2013-03-06 17:28:55+00:00
S03,S03,V1,13,2013-03-06 17:29:29+00:00
S04,S04,V1,1,2013-02-24 12:26:50+00:00
S04,S04,V1,2,2013-02-24 12:29:50+00:00
S04,S04,V1,3,2013-02-24 12:32:28+00:00
S04,S04,V1,4,2013-02-24 12:34:04+00:00
S04,S04,V1,5,2013-02-24 12:40:18+00:00
S04,S04,V1,6,2013-02-24 12:42:35+00:00
S04,S04,V1,7,2013-02-24 12:48:19+00:00
S04,S04,V1,8,2013-02-24 12:48:51+00:00
S04,S04,V1,9,2013-02-24 12:49:42+00:00
S04,S04,V1,10,2013-02-24 12:50:14+00:00
S04,S04,V1,11,2013-02-24 12:51:02+00:00
S04,S04,V1,12,2013-02-24 12:51:34+00:00
S04,S04,V1,13,2013-02-24 12:52:18+00:00
S05,S05,V1,1,2013-02-23 11:49:42+00:00
S05,S05,V1,2,2013-02-23 11:52:45+00:00
S05,S05,V1,3,2013-02-23 11:54:24+00:00
S05,S05,V1,4,2013-02-23 11:56:16+00:00
S05,S05,V1,5,2013-02-23 12:01:52+00:00
S05,S05,V1,6,2013-02-23 12:04:41+00:00
S05,S05,V1,7,2013-02-23 12:08:28+00:00
S05,S05,V1,8,2013-02-23 12:09:02+00:00
S05,S05,V1,9,2013-02-23 12:10:03+00:00
S05,S05,V1,10,2013-02-23 12:10:34+00:00
S05,S05,V1,11,2013-02-23 12:11:19+00:00
S05,S05,V1,12,2013-02-23 12:11:51+00:00
S05,S05,V1,13,2013-02-23 12:12:03+00:00
S06,S06,V1,1,2013-02-23 12:23:54+00:00
S06,S06,V1,2,2013-02-23 12:27:07+00:00
S06,S06,V1,3,2013-02-23 12:28:33+00:00
S06,S06,V1,4,2013-02-23 12:30:41+00:00
S06,S06,V1,5,2013-02-23 12:36:15+00:00
S06,S06,V1,6,2013-02-23 12:38:35+00:00
S06,S06,V1,7,2013-02-23 12:43:40+00:00
S06,S06,V1,8,2013-02-23 12:44:12+00:00
S06,S06,V1,9,2013-02-23 12:44:45+00:00
S06,S06,V1,10,2013-02-23 12:45:13+00:00
S06,S06,V1,11,2013-02-23 12:45:41+00:00
S06,S06,V1,12,2013-02-23 12:46:15+00:00
S06,S06,V1,13,2013-02-23 12:46:28+00:00
S07,S07,V1,1,2013-02-24 11:49:50+00:00
S07,S07,V1,2,2013-02-24 11:52:33+00:00
S07,S07,V1,3,2013-02-24 11:54:24+00:00
S07,S07,V1,4,2013-02-24 11:56:07+00:00
S07,S07,V1,5,2013-02-24 12:00:39+00:00
S07,S07,V1,6,2013-02-24 12:02:48+00:00
S07,S07,V1,7,2013-02-24 12:07:33+00:00
S07,S07,V1,8,2013-02-24 12:08:05+00:00
S07,S07,V1,9,2013-02-24 12:08:43+00:00
S07,S07,V1,10,2013-02-24 12:09:15+00:00
S07,S07,V1,11,2013-02-24 12:10:02+00:00
S07,S07,V1,12,2013-02-24 12:10:33+00:00
S07,S07,V1,13,2013-02-24 12:11:09+00:00
S08,S08,V1,1,2013-02-23 16:02:48+00:00
S08,S08,V1,2,2013-02-23 16:05:44+00:00
S08,S08,V1,3,2013-02-23 16:08:09+00:00
S08,S08,V1,4,2013-02-23 16:09:54+00:00
S08,S08,V1,5,2013-02-23 16:14:43+00:00
S08,S08,V1,6,2013-02-23 16:17:18+00:00
S08,S08,V1,7,2013-02-23 16:21:46+00:00
S08,S08,V1,8,2013-02-23 16:22:18+00:00
S08,S08,V1,9,2013-02-23 16:22:44+00:00
S08,S08,V1,10,2013-02-23 16:23:17+00:00
S08,S08,V1,11,2013-02-23 16:23:50+00:00
S08,S08,V1,12,2013-02-23 16:24:22+00:00
S08,S08,V1,13,2013-02-23 16:24:56+00:00
S09,S09,V1,1,2013-02-24 11:18:02+00:00
S09,S09,V1,2,2013-02-24 11:21:14+00:00
S09,S09,V1,3,2013-02-24 11:22:53+00:00
S09,S09,V1,4,2013-02-24 11:24:32+00:00
S09,S09,V1,5,2013-02-24 11:28:34+00:00
S09,S09,V1,6,2013-02-24 11:30:45+00:00
S09,S09,V1,7,2013-02-24 11:35:23+00:00
S09,S09,V1,8,2013-02-24 11:35:55+00:00
S09,S09,V1,9,2013-02-24 11:36:41+00:00
S09,S09,V1,10,2013-02-24 11:37:13+00:00
S09,S09,V1,11,2013-02-24 11:37:49+00:00
S09,S09,V1,12,2013-02-24 11:38:20+00:00
S09,S09,V1,13,2013-02-24 11:38:56+00:00
S10,S10,V1,1,2013-02-23 18:04:34+00:00
S10,S10,V1,2,2013-02-23 18:07:38+00:00
S10,S10,V1,3,2013-02-23 18:09:27+00:00
S10,S10,V1,4,2013-02-23 18:11:24+00:00
S10,S10,V1,5,2013-02-23 18:17:26+00:00
S10,S10,V1,6,2013-02-23 18:19:41+00:00
S10,S10,V1,7,2013-02-23 18:25:50+00:00
S10,S10,V1,8,2013-02-23 18:26:19+00:00
S10,S10,V1,9,2013-02-23 18:26:53+00:00
S10,S10,V1,10,2013-02-23 18:27:22+00:00
S10,S10,V1,11,2013-02-23 18:27:49+00:00
S10,S10,V1,12,2013-02-23 18:28:20+00:00
S10,S10,V1,13,2013-02-23 18:28:59+00:00
S11,S11,V1,1,2013-02-24 09:52:09+00:00
S11,S11,V1,2,2013-02-24 09:54:59+00:00
S11,S11,V1,3,2013-02-24 09:56:48+00:00
S11,S11,V1,4,2013-02-24 09:59:20+00:00
S11,S11,V1,5,2013-02-24 10:03:59+00:00
S11,S11,V1,6,2013-02-24 10:06:30+00:00
S11,S11,V1,7,2013-02-24 10:10:40+00:00
S11,S11,V1,8,2013-02-24 10:11:11+00:00
S11,S11,V1,9,2013-02-24 10:11:50+00:00
S11,S11,V1,10,2013-02-24 10:12:21+00:00
S11,S11,V1,11,2013-02-24 10:12:53+00:00
S11,S11,V1,12,2013-02-24 10:13:25+00:00
S11,S11,V1,13,2013-02-24 10:14:02+00:00
S12,S12,V1,1,2013-02-24 10:28:21+00:00
S12,S12,V1,2,2013-02-24 10:31:40+00:00
S12,S12,V1,3,2013-02-24 10:33:23+00:00
S12,S12,V1,4,2013-02-24 10:35:12+00:00
S12,S12,V1,5,2013-02-24 10:41:07+00:00
S12,S12,V1,6,2013-02-24 10:43:18+00:00
S12,S12,V1,7,2013-02-24 10:48:57+00:00
S12,S12,V1,8,2013-02-24 10:49:27+00:00
S12,S12,V1,9,2013-02-24 10:50:04+00:00
S12,S12,V1,10,2013-02-24 10:50:31+00:00
S12,S12,V1,11,2013-02-24 10:51:20+00:00
S12,S12,V1,12,2013-02-24 10:51:51+00:00
S12,S12,V1,13,2013-02-24 10:52:25+00:00
S13,S13,V1,1,2013-02-24 17:08:37+00:00
S13,S13,V1,2,2013-02-24 17:12:06+00:00
S13,S13,V1,3,2013-02-24 17:14:05+00:00
S13,S13,V1,4,2013-02-24 17:15:58+00:00
S13,S13,V1,5,2013-02-24 17:21:59+00:00
S13,S13,V1,6,2013-02-24 17:24:06+00:00
S13,S13,V1,7,2013-02-24 17:29:03+00:00
S13,S13,V1,8,2013-02-24 17:29:32+00:00
S13,S13,V1,9,2013-02-24 17:30:13+00:00
S13,S13,V1,10,2013-02-24 17:30:43+00:00
S13,S13,V1,11,2013-02-24 17:31:14+00:00
S13,S13,V1,12,2013-02-24 17:31:46+00:00
S13,S13,V1,13,2013-02-24 17:32:22+00:00
S14,S14,V1,1,2013-02-24 17:41:03+00:00
S14,S14,V1,2,2013-02-24 17:44:33+00:00
S14,S14,V1,3,2013-02-24 17:46:39+00:00
S14,S14,V1,4,2013-02-24 17:48:28+00:00
S14,S14,V1,5,2013-02-24 17:54:20+00:00
S14,S14,V1,6,2013-02-24 17:56:37+00:00
S14,S14,V1,7,2013-02-24 18:02:09+00:00
S14,S14,V1,8,2013-02-24 18:02:39+00:00
S14,S14,V1,9,2013-02-24 18:03:09+00:00
S14,S14,V1,10,2013-02-24 18:03:38+00:00
S14,S14,V1,11,2013-02-24 18:04:03+00:00
S14,S14,V1,12,2013-02-24 18:04:37+00:00
S14,S14,V1,13,2013-02-24 18:05:14+00:00
S15,S15,V1,1,2013-02-25 11:39:17+00:00
S15,S15,V1,2,2013-02-25 11:42:44+00:00
S15,S15,V1,3,2013-02-25 11:43:55+00:00
S15,S15,V1,4,2013-02-25 11:45:45+00:00
S15,S15,V1,5,2013-02-25 11:51:36+00:00
S15,S15,V1,6,2013-02-25 11:54:18+00:00
S15,S15,V1,7,2013-02-25 11:59:28+00:00
S15,S15,V1,8,2013-02-25 12:00:00+00:00
S15,S15,V1,9,2013-02-25 12:00:31+00:00
S15,S15,V1,10,2013-02-25 12:01:02+00:00
S15,S15,V1,11,2013-02-25 12:01:33+00:00
S15,S15,V1,12,2013-02-25 12:02:07+00:00
S15,S15,V1,13,2013-02-25 12:02:38+00:00
S16,S16,V1,1,2013-02-25 14:21:24+00:00
S16,S16,V1,2,2013-02-25 14:24:37+00:00
S16,S16,V1,3,2013-02-25 14:26:20+00:00
S16,S16,V1,4,2013-02-25 14:28:01+00:00
S16,S16,V1,5,2013-02-25 14:31:53+00:00
S16,S16,V1,6,2013-02-25 14:34:25+00:00
S16,S16,V1,7,2013-02-25 14:40:11+00:00
S16,S16,V1,8,2013-02-25 14:40:42+00:00
S16,S16,V1,9,2013-02-25 14:41:17+00:00
S16,S16,V1,10,2013-02-25 14:41:47+00:00
S16,S16,V1,11,2013-02-25 14:42:10+00:00
S16,S16,V1,12,2013-02-25 14:42:43+00:00
S16,S16,V1,13,2013-02-25 14:43:15+00:00
S17,S17,V1,1,2013-02-25 18:45:10+00:00
S17,S17,V1,2,2013-02-25 18:48:04+00:00
S17,S17,V1,3,2013-02-25 18:49:46+00:00
S17,S17,V1,4,2013-02-25 18:51:18+00:00
S17,S17,V1,5,2013-02-25 18:55:56+00:00
S17,S17,V1,6,2013-02-25 18:58:35+00:00
S17,S17,V1,7,2013-02-25 19:03:44+00:00
S17,S17,V1,8,2013-02-25 19:04:15+00:00
S17,S17,V1,9,2013-02-25 19:04:36+00:00
S17,S17,V1,10,2013-02-25 19:05:07+00:00
S17,S17,V1,11,2013-02-25 19:05:34+00:00
S17,S17,V1,12,2013-02-25 19:06:07+00:00
S17,S17,V1,13,2013-02-25 19:06:41+00:00
S18,S18,V1,1,2013-02-25 19:21:33+00:00
S18,S18,V1,2,2013-02-25 19:24:37+00:00
S18,S18,V1,3,2013-02-25 19:26:13+00:00
S18,S18,V1,4,2013-02-25 19:28:07+00:00
S18,S18,V1,5,2013-02-25 19:33:24+00:00
S18,S18,V1,6,2013-02-25 19:36:02+00:00
S18,S18,V1,7,2013-02-25 19:41:16+00:00
S18,S18,V1,8,2013-02-25 19:41:49+00:00
S18,S18,V1,9,2013-02-25 19:42:11+00:00
S18,S18,V1,10,2013-02-25 19:42:41+00:00
S18,S18,V1,11,2013-02-25 19:43:10+00:00
S18,S18,V1,12,2013-02-25 19:43:42+00:00
S18,S18,V1,13,2013-02-25 19:44:20+00:00
f01,f01,V2,1,2013-06-12 16:23:45+00:00
f01,f01,V2,2,2013-06-12 16:25:46+00:00
f01,f01,V2,3,2013-06-12 16:33:18+00:00
f01,f01,V2,4,2013-06-12 16:47:32+00:00
f01,f01,V2,5,2013-06-12 16:48:09+00:00
f01,f01,V2,6,2013-06-12 16:48:30+00:00
f01,f01,V2,7,2013-06-12 16:49:02+00:00
f01,f01,V2,8,2013-06-12 17:08:31+00:00
f01,f01,V2,9,2013-06-12 17:08:57+00:00
f02,f02,V2,1,2013-06-12 17:40:36+00:00
f02,f02,V2,2,2013-06-12 17:41:54+00:00
f02,f02,V2,3,2013-06-12 17:48:13+00:00
f02,f02,V2,4,2013-06-12 18:01:25+00:00
f02,f02,V2,5,2013-06-12 18:02:07+00:00
f02,f02,V2,6,2013-06-12 18:03:09+00:00
f02,f02,V2,7,2013-06-12 18:03:44+00:00
f02,f02,V2,8,2013-06-12 18:11:03+00:00
f02,f02,V2,9,2013-06-12 18:11:34+00:00
f03,f03,V2,1,2013-06-12 18:41:47+00:00
f03,f03,V2,2,2013-06-12 18:44:31+00:00
f03,f03,V2,3,2013-06-12 18:48:52+00:00
f03,f03,V2,4,2013-06-12 19:06:58+00:00
f03,f03,V2,5,2013-06-12 19:07:27+00:00
f03,f03,V2,6,2013-06-12 19:07:46+00:00
f03,f03,V2,7,2013-06-12 19:08:17+00:00
f03,f03,V2,8,2013-06-12 19:23:39+00:00
f03,f03,V2,9,2013-06-12 19:24:14+00:00
f04,f04,V2,1,2013-06-15 20:01:13+00:00
f04,f04,V2,2,2013-06-15 20:02:55+00:00
f04,f04,V2,3,2013-06-15 20:07:20+00:00
f04,f04,V2,4,2013-06-15 20:21:40+00:00
f04,f04,V2,5,2013-06-15 20:22:20+00:00
f04,f04,V2,6,2013-06-15 20:23:01+00:00
f04,f04,V2,7,2013-06-15 20:23:39+00:00
f04,f04,V2,8,2013-06-15 20:37:23+00:00
f04,f04,V2,9,2013-06-15 20:37:59+00:00
f05,f05,V2,1,2013-07-02 10:43:42+00:00
f05,f05,V2,2,2013-07-02 10:45:13+00:00
f05,f05,V2,3,2013-07-02 10:49:23+00:00
f05,f05,V2,4,2013-07-02 11:04:04+00:00
f05,f05,V2,5,2013-07-02 11:04:46+00:00
f05,f05,V2,6,2013-07-02 11:05:05+00:00
f05,f05,V2,7,2013-07-02 11:05:45+00:00
f05,f05,V2,8,2013-07-02 11:19:00+00:00
f05,f05,V2,9,2013-07-02 11:19:48+00:00
f06,f06,V2,1,2013-07-11 16:14:46+00:00
f06,f06,V2,2,2013-07-11 16:16:12+00:00
f06,f06,V2,3,2013-07-11 16:20:13+00:00
f06,f06,V2,4,2013-07-11 16:34:26+00:00
f06,f06,V2,5,2013-07-11 16:35:07+00:00
f06,f06,V2,6,2013-07-11 16:35:35+00:00
f06,f06,V2,7,2013-07-11 16:36:14+00:00
f06,f06,V2,8,2013-07-11 16:50:52+00:00
f06,f06,V2,9,2013-07-11 16:51:31+00:00
f07,f07,V2,1,2013-07-12 20:14:48+00:00
f07,f07,V2,2,2013-07-12 20:16:05+00:00
f07,f07,V2,3,2013-07-12 20:20:12+00:00
f07,f07,V2,4,2013-07-12 20:34:08+00:00
f07,f07,V2,5,2013-07-12 20:34:48+00:00
f07,f07,V2,6,2013-07-12 20:35:15+00:00
f07,f07,V2,7,2013-07-12 20:35:57+00:00
f07,f07,V2,8,2013-07-12 20:50:57+00:00
f07,f07,V2,9,2013-07-12 20:51:40+00:00
f08,f08,V2,1,2013-07-03 19:25:20+00:00
f08,f08,V2,2,2013-07-03 19:26:58+00:00
f08,f08,V2,3,2013-07-03 19:31:47+00:00
f08,f08,V2,4,2013-07-03 19:46:20+00:00
f08,f08,V2,5,2013-07-03 19:46:56+00:00
f08,f08,V2,6,2013-07-03 19:47:31+00:00
f08,f08,V2,7,2013-07-03 19:48:08+00:00
f08,f08,V2,8,2013-07-03 19:59:10+00:00
f08,f08,V2,9,2013-07-03 19:59:50+00:00
f09,f09,V2,1,2013-06-30 12:16:06+00:00
f09,f09,V2,2,2013-06-30 12:17:44+00:00
f09,f09,V2,3,2013-06-30 12:22:11+00:00
f09,f09,V2,4,2013-06-30 12:35:50+00:00
f09,f09,V2,5,2013-06-30 12:36:28+00:00
f09,f09,V2,6,2013-06-30 12:36:50+00:00
f09,f09,V2,7,2013-06-30 12:37:30+00:00
f09,f09,V2,8,2013-06-30 12:50:50+00:00
f09,f09,V2,9,2013-06-30 12:51:28+00:00
f10,f10,V2,1,2013-06-30 10:03:33+00:00
f10,f10,V2,2,2013-06-30 10:05:22+00:00
f10,f10,V2,3,2013-06-30 10:09:37+00:00
f10,f10,V2,4,2013-06-30 10:23:41+00:00
f10,f10,V2,5,2013-06-30 10:24:22+00:00
f10,f10,V2,6,2013-06-30 10:24:52+00:00
f10,f10,V2,7,2013-06-30 10:25:36+00:00
f10,f10,V2,8,2013-06-30 10:38:38+00:00
f10,f10,V2,9,2013-06-30 10:39:21+00:00
f11,f11,V2,1,2013-07-14 18:14:40+00:00
f11,f11,V2,2,2013-07-14 18:16:25+00:00
f11,f11,V2,3,2013-07-14 18:21:24+00:00
f11,f11,V2,4,2013-07-14 18:35:14+00:00
f11,f11,V2,5,2013-07-14 18:35:48+00:00
f11,f11,V2,6,2013-07-14 18:36:12+00:00
f11,f11,V2,7,2013-07-14 18:36:50+00:00
f11,f11,V2,8,2013-07-14 18:50:17+00:00
f11,f11,V2,9,2013-07-14 18:50:54+00:00
f12,f12,V2,1,2013-07-01 16:00:14+00:00
f12,f12,V2,2,2013-07-01 16:01:45+00:00
f12,f12,V2,3,2013-07-01 16:05:56+00:00
f12,f12,V2,4,2013-07-01 16:20:16+00:00
f12,f12,V2,5,2013-07-01 16:20:54+00:00
f12,f12,V2,6,2013-07-01 16:21:21+00:00
f12,f12,V2,7,2013-07-01 16:21:58+00:00
f12,f12,V2,8,2013-07-01 16:35:27+00:00
f12,f12,V2,9,2013-07-01 16:36:05+00:00
f13,f13,V2,1,2013-07-03 11:09:38+00:00
f13,f13,V2,2,2013-07-03 11:11:24+00:00
f13,f13,V2,3,2013-07-03 11:15:01+00:00
f13,f13,V2,4,2013-07-03 11:32:25+00:00
f13,f13,V2,5,2013-07-03 11:33:02+00:00
f13,f13,V2,6,2013-07-03 11:33:31+00:00
f13,f13,V2,7,2013-07-03 11:34:09+00:00
f13,f13,V2,8,2013-07-03 11:48:11+00:00
f13,f13,V2,9,2013-07-03 11:48:52+00:00
f14,f14_b,V2,1,2013-07-12 23:02:16+00:00
f14,f14_b,V2,2,2013-07-12 23:03:46+00:00
f14,f14_b,V2,3,2013-07-12 23:07:52+00:00
f14,f14_b,V2,4,2013-07-12 23:19:43+00:00
f14,f14_b,V2,5,2013-07-12 23:20:22+00:00
f14,f14_b,V2,6,2013-07-12 23:21:04+00:00
f14,f14_b,V2,7,2013-07-12 23:21:53+00:00
f14,f14_b,V2,8,2013-07-12 23:32:32+00:00
f14,f14_b,V2,9,2013-07-12 23:33:15+00:00
f15,f15,V2,1,2013-07-13 17:53:17+00:00
f15,f15,V2,2,2013-07-13 17:54:44+00:00
f15,f15,V2,3,2013-07-13 17:59:08+00:00
f15,f15,V2,4,2013-07-13 18:12:42+00:00
f15,f15,V2,5,2013-07-13 18:13:20+00:00
f15,f15,V2,6,2013-07-13 18:13:42+00:00
f15,f15,V2,7,2013-07-13 18:14:21+00:00
f15,f15,V2,8,2013-07-13 18:24:56+00:00
f15,f15,V2,9,2013-07-13 18:26:01+00:00
f16,f16,V2,1,2013-07-19 11:07:16+00:00
f16,f16,V2,2,2013-07-19 11:08:37+00:00
f16,f16,V2,3,2013-07-19 11:12:41+00:00
f16,f16,V2,4,2013-07-19 11:28:16+00:00
f16,f16,V2,5,2013-07-19 11:29:00+00:00
f16,f16,V2,6,2013-07-19 11:29:24+00:00
f16,f16,V2,7,2013-07-19 11:29:54+00:00
f16,f16,V2,8,2013-07-19 11:40:49+00:00
f16,f16,V2,9,2013-07-19 11:41:25+00:00
f17,f17,V2,1,2013-07-20 16:13:00+00:00
f17,f17,V2,2,2013-07-20 16:15:16+00:00
f17,f17,V2,3,2013-07-20 16:19:42+00:00
f17,f17,V2,4,2013-07-20 16:33:22+00:00
f17,f17,V2,5,2013-07-20 16:34:07+00:00
f17,f17,V2,6,2013-07-20 16:34:31+00:00
f17,f17,V2,7,2013-07-20 16:35:19+00:00
f17,f17,V2,8,2013-07-20 16:48:58+00:00
f17,f17,V2,9,2013-07-20 16:49:44+00:00
f18,f18,V2,1,2013-07-21 19:41:25+00:00
f18,f18,V2,2,2013-07-21 19:42:51+00:00
f18,f18,V2,3,2013-07-21 19:46:47+00:00
f18,f18,V2,4,2013-07-21 19:59:45+00:00
f18,f18,V2,5,2013-07-21 20:00:22+00:00
f18,f18,V2,6,2013-07-21 20:00:40+00:00
f18,f18,V2,7,2013-07-21 20:01:17+00:00
f18,f18,V2,8,2013-07-21 20:12:00+00:00
f18,f18,V2,9,2013-07-21 20:12:36+00:00
