subject_id,session_id,signal,source_rows,start_time,end_time,duration_seconds,expected_sampling_rate_hz,observed_sampling_rate_hz,sampling_rate_valid,invalid_value_count,source_file,issue
S01,S01,HR,2215,2013-02-20 17:55:29+00:00,2013-02-20 18:32:23+00:00,2214.0,1.0,1.0,True,0,data/Wearable_Dataset/STRESS/S01/HR.csv,None
S01,S01,EDA,8898,2013-02-20 17:55:19+00:00,2013-02-20 18:32:23.250000+00:00,2224.25,4.0,4.0,True,0,data/Wearable_Dataset/STRESS/S01/EDA.csv,None
S01,S01,ACC,71178,2013-02-20 17:55:19+00:00,2013-02-20 18:32:23.281250+00:00,2224.28125,32.0,32.0,True,0,data/Wearable_Dataset/STRESS/S01/ACC.csv,None
S02,S02,HR,3078,2013-02-20 18:49:39+00:00,2013-02-20 19:40:56+00:00,3077.0,1.0,1.0,True,0,data/Wearable_Dataset/STRESS/S02/HR.csv,None
S02,S02,EDA,12384,2013-02-20 18:49:29+00:00,2013-02-20 19:41:04.750000+00:00,3095.75,4.0,4.0,True,0,data/Wearable_Dataset/STRESS/S02/EDA.csv,None
S02,S02,ACC,99084,2013-02-20 18:49:29+00:00,2013-02-20 19:41:05.343750+00:00,3096.34375,32.0,32.0,True,0,data/Wearable_Dataset/STRESS/S02/ACC.csv,None
S03,S03,HR,1576,2013-03-06 17:04:23+00:00,2013-03-06 17:30:38+00:00,1575.0,1.0,1.0,True,0,data/Wearable_Dataset/STRESS/S03/HR.csv,None
S03,S03,EDA,6342,2013-03-06 17:04:13+00:00,2013-03-06 17:30:38.250000+00:00,1585.25,4.0,4.0,True,0,data/Wearable_Dataset/STRESS/S03/EDA.csv,None
S03,S03,ACC,50748,2013-03-06 17:04:13+00:00,2013-03-06 17:30:38.843750+00:00,1585.84375,32.0,32.0,True,0,data/Wearable_Dataset/STRESS/S03/ACC.csv,None
S04,S04,HR,1724,2013-02-24 12:23:59+00:00,2013-02-24 12:52:42+00:00,1723.0,1.0,1.0,True,0,data/Wearable_Dataset/STRESS/S04/HR.csv,None
S04,S04,EDA,6930,2013-02-24 12:23:49+00:00,2013-02-24 12:52:41.250000+00:00,1732.25,4.0,4.0,True,0,data/Wearable_Dataset/STRESS/S04/EDA.csv,None
S04,S04,ACC,55458,2013-02-24 12:23:49+00:00,2013-02-24 12:52:42.031250+00:00,1733.03125,32.0,32.0,True,0,data/Wearable_Dataset/STRESS/S04/ACC.csv,None
S05,S05,HR,1571,2013-02-23 11:46:36+00:00,2013-02-23 12:12:46+00:00,1570.0,1.0,1.0,True,0,data/Wearable_Dataset/STRESS/S05/HR.csv,None
S05,S05,EDA,6324,2013-02-23 11:46:26+00:00,2013-02-23 12:12:46.750000+00:00,1580.75,4.0,4.0,True,0,data/Wearable_Dataset/STRESS/S05/EDA.csv,None
S05,S05,ACC,50592,2013-02-23 11:46:26+00:00,2013-02-23 12:12:46.968750+00:00,1580.96875,32.0,32.0,True,0,data/Wearable_Dataset/STRESS/S05/ACC.csv,None
S06,S06,HR,1434,2013-02-23 12:23:09+00:00,2013-02-23 12:47:02+00:00,1433.0,1.0,1.0,True,0,data/Wearable_Dataset/STRESS/S06/HR.csv,None
S06,S06,EDA,5772,2013-02-23 12:22:59+00:00,2013-02-23 12:47:01.750000+00:00,1442.75,4.0,4.0,True,0,data/Wearable_Dataset/STRESS/S06/EDA.csv,None
S06,S06,ACC,46200,2013-02-23 12:22:59+00:00,2013-02-23 12:47:02.718750+00:00,1443.71875,32.0,32.0,True,0,data/Wearable_Dataset/STRESS/S06/ACC.csv,None
S07,S07,HR,1419,2013-02-24 11:48:05+00:00,2013-02-24 12:11:43+00:00,1418.0,1.0,1.0,True,0,data/Wearable_Dataset/STRESS/S07/HR.csv,None
S07,S07,EDA,5712,2013-02-24 11:47:55+00:00,2013-02-24 12:11:42.750000+00:00,1427.75,4.0,4.0,True,0,data/Wearable_Dataset/STRESS/S07/EDA.csv,None
S07,S07,ACC,45714,2013-02-24 11:47:55+00:00,2013-02-24 12:11:43.531250+00:00,1428.53125,32.0,32.0,True,0,data/Wearable_Dataset/STRESS/S07/ACC.csv,None
S08,S08,HR,1419,2013-02-23 16:02:14+00:00,2013-02-23 16:25:52+00:00,1418.0,1.0,1.0,True,0,data/Wearable_Dataset/STRESS/S08/HR.csv,None
S08,S08,EDA,5712,2013-02-23 16:02:04+00:00,2013-02-23 16:25:51.750000+00:00,1427.75,4.0,4.0,True,0,data/Wearable_Dataset/STRESS/S08/EDA.csv,None
S08,S08,ACC,45720,2013-02-23 16:02:04+00:00,2013-02-23 16:25:52.718750+00:00,1428.71875,32.0,32.0,True,0,data/Wearable_Dataset/STRESS/S08/ACC.csv,None
S09,S09,HR,1439,2013-02-24 11:15:38+00:00,2013-02-24 11:39:36+00:00,1438.0,1.0,1.0,True,0,data/Wearable_Dataset/STRESS/S09/HR.csv,None
S09,S09,EDA,5790,2013-02-24 11:15:28+00:00,2013-02-24 11:39:35.250000+00:00,1447.25,4.0,4.0,True,0,data/Wearable_Dataset/STRESS/S09/EDA.csv,None
S09,S09,ACC,46356,2013-02-24 11:15:28+00:00,2013-02-24 11:39:36.593750+00:00,1448.59375,32.0,32.0,True,0,data/Wearable_Dataset/STRESS/S09/ACC.csv,None
S10,S10,HR,1649,2013-02-23 18:03:37+00:00,2013-02-23 18:31:05+00:00,1648.0,1.0,1.0,True,0,data/Wearable_Dataset/STRESS/S10/HR.csv,None
S10,S10,EDA,6630,2013-02-23 18:03:27+00:00,2013-02-23 18:31:04.250000+00:00,1657.25,4.0,4.0,True,0,data/Wearable_Dataset/STRESS/S10/EDA.csv,None
S10,S10,ACC,53064,2013-02-23 18:03:27+00:00,2013-02-23 18:31:05.218750+00:00,1658.21875,32.0,32.0,True,0,data/Wearable_Dataset/STRESS/S10/ACC.csv,None
S11,S11,HR,1392,2013-02-24 09:51:55+00:00,2013-02-24 10:15:06+00:00,1391.0,1.0,1.0,True,0,data/Wearable_Dataset/STRESS/S11/HR.csv,None
S11,S11,EDA,5604,2013-02-24 09:51:45+00:00,2013-02-24 10:15:05.750000+00:00,1400.75,4.0,4.0,True,0,data/Wearable_Dataset/STRESS/S11/EDA.csv,None
S11,S11,ACC,44838,2013-02-24 09:51:45+00:00,2013-02-24 10:15:06.156250+00:00,1401.15625,32.0,32.0,True,0,data/Wearable_Dataset/STRESS/S11/ACC.csv,None
S12,S12,HR,1594,2013-02-24 10:26:46+00:00,2013-02-24 10:53:19+00:00,1593.0,1.0,1.0,True,0,data/Wearable_Dataset/STRESS/S12/HR.csv,None
S12,S12,EDA,6414,2013-02-24 10:26:36+00:00,2013-02-24 10:53:19.250000+00:00,1603.25,4.0,4.0,True,0,data/Wearable_Dataset/STRESS/S12/EDA.csv,None
S12,S12,ACC,51306,2013-02-24 10:26:36+00:00,2013-02-24 10:53:19.281250+00:00,1603.28125,32.0,32.0,True,0,data/Wearable_Dataset/STRESS/S12/ACC.csv,None
S13,S13,HR,1614,2013-02-24 17:05:54+00:00,2013-02-24 17:32:47+00:00,1613.0,1.0,1.0,True,0,data/Wearable_Dataset/STRESS/S13/HR.csv,None
S13,S13,EDA,6492,2013-02-24 17:05:44+00:00,2013-02-24 17:32:46.750000+00:00,1622.75,4.0,4.0,True,0,data/Wearable_Dataset/STRESS/S13/EDA.csv,None
S13,S13,ACC,51948,2013-02-24 17:05:44+00:00,2013-02-24 17:32:47.343750+00:00,1623.34375,32.0,32.0,True,0,data/Wearable_Dataset/STRESS/S13/ACC.csv,None
S14,S14,HR,1676,2013-02-24 17:37:51+00:00,2013-02-24 18:05:46+00:00,1675.0,1.0,1.0,True,0,data/Wearable_Dataset/STRESS/S14/HR.csv,None
S14,S14,EDA,6744,2013-02-24 17:37:41+00:00,2013-02-24 18:05:46.750000+00:00,1685.75,4.0,4.0,True,0,data/Wearable_Dataset/STRESS/S14/EDA.csv,None
S14,S14,ACC,53940,2013-02-24 17:37:41+00:00,2013-02-24 18:05:46.593750+00:00,1685.59375,32.0,32.0,True,0,data/Wearable_Dataset/STRESS/S14/ACC.csv,None
S15,S15,HR,1624,2013-02-25 11:36:09+00:00,2013-02-25 12:03:12+00:00,1623.0,1.0,1.0,True,0,data/Wearable_Dataset/STRESS/S15/HR.csv,None
S15,S15,EDA,6534,2013-02-25 11:35:59+00:00,2013-02-25 12:03:12.250000+00:00,1633.25,4.0,4.0,True,0,data/Wearable_Dataset/STRESS/S15/EDA.csv,None
S15,S15,ACC,52266,2013-02-25 11:35:59+00:00,2013-02-25 12:03:12.281250+00:00,1633.28125,32.0,32.0,True,0,data/Wearable_Dataset/STRESS/S15/ACC.csv,None
S16,S16,HR,1654,2013-02-25 14:16:04+00:00,2013-02-25 14:43:37+00:00,1653.0,1.0,1.0,True,0,data/Wearable_Dataset/STRESS/S16/HR.csv,None
S16,S16,EDA,6654,2013-02-25 14:15:54+00:00,2013-02-25 14:43:37.250000+00:00,1663.25,4.0,4.0,True,0,data/Wearable_Dataset/STRESS/S16/EDA.csv,None
S16,S16,ACC,53226,2013-02-25 14:15:54+00:00,2013-02-25 14:43:37.281250+00:00,1663.28125,32.0,32.0,True,0,data/Wearable_Dataset/STRESS/S16/ACC.csv,None
S17,S17,HR,1601,2013-02-25 18:40:18+00:00,2013-02-25 19:06:58+00:00,1600.0,1.0,1.0,True,0,data/Wearable_Dataset/STRESS/S17/HR.csv,None
S17,S17,EDA,6444,2013-02-25 18:40:08+00:00,2013-02-25 19:06:58.750000+00:00,1610.75,4.0,4.0,True,0,data/Wearable_Dataset/STRESS/S17/EDA.csv,None
S17,S17,ACC,51546,2013-02-25 18:40:08+00:00,2013-02-25 19:06:58.781250+00:00,1610.78125,32.0,32.0,True,0,data/Wearable_Dataset/STRESS/S17/ACC.csv,None
S18,S18,HR,1621,2013-02-25 19:17:46+00:00,2013-02-25 19:44:46+00:00,1620.0,1.0,1.0,True,0,data/Wearable_Dataset/STRESS/S18/HR.csv,None
S18,S18,EDA,6522,2013-02-25 19:17:36+00:00,2013-02-25 19:44:46.250000+00:00,1630.25,4.0,4.0,True,0,data/Wearable_Dataset/STRESS/S18/EDA.csv,None
S18,S18,ACC,52188,2013-02-25 19:17:36+00:00,2013-02-25 19:44:46.843750+00:00,1630.84375,32.0,32.0,True,0,data/Wearable_Dataset/STRESS/S18/ACC.csv,None
f01,f01,HR,3243,2013-06-12 16:19:08+00:00,2013-06-12 17:13:10+00:00,3242.0,1.0,1.0,True,0,data/Wearable_Dataset/STRESS/f01/HR.csv,None
f01,f01,EDA,13008,2013-06-12 16:18:58+00:00,2013-06-12 17:13:09.750000+00:00,3251.75,4.0,4.0,True,0,data/Wearable_Dataset/STRESS/f01/EDA.csv,None
f01,f01,ACC,104070,2013-06-12 16:18:58+00:00,2013-06-12 17:13:10.156250+00:00,3252.15625,32.0,32.0,True,0,data/Wearable_Dataset/STRESS/f01/ACC.csv,None
f02,f02,HR,2966,2013-06-12 17:26:35+00:00,2013-06-12 18:16:00+00:00,2965.0,1.0,1.0,True,0,data/Wearable_Dataset/STRESS/f02/HR.csv,None
f02,f02,EDA,11904,2013-06-12 17:26:25+00:00,2013-06-12 18:16:00.750000+00:00,2975.75,4.0,4.0,True,0,data/Wearable_Dataset/STRESS/f02/EDA.csv,None
f02,f02,ACC,95208,2013-06-12 17:26:25+00:00,2013-06-12 18:16:00.218750+00:00,2975.21875,32.0,32.0,True,0,data/Wearable_Dataset/STRESS/f02/ACC.csv,None
f03,f03,HR,3586,2013-06-12 18:28:52+00:00,2013-06-12 19:28:37+00:00,3585.0,1.0,1.0,True,0,data/Wearable_Dataset/STRESS/f03/HR.csv,None
f03,f03,EDA,14388,2013-06-12 18:28:42+00:00,2013-06-12 19:28:38.750000+00:00,3596.75,4.0,4.0,True,0,data/Wearable_Dataset/STRESS/f03/EDA.csv,None
f03,f03,ACC,115062,2013-06-12 18:28:42+00:00,2013-06-12 19:28:37.656250+00:00,3595.65625,32.0,32.0,True,0,data/Wearable_Dataset/STRESS/f03/ACC.csv,None
f04,f04,HR,3637,2013-06-15 19:44:34+00:00,2013-06-15 20:45:10+00:00,3636.0,1.0,1.0,True,0,data/Wearable_Dataset/STRESS/f04/HR.csv,None
f04,f04,EDA,14592,2013-06-15 19:44:24+00:00,2013-06-15 20:45:11.750000+00:00,3647.75,4.0,4.0,True,0,data/Wearable_Dataset/STRESS/f04/EDA.csv,None
f04,f04,ACC,116700,2013-06-15 19:44:24+00:00,2013-06-15 20:45:10.843750+00:00,3646.84375,32.0,32.0,True,0,data/Wearable_Dataset/STRESS/f04/ACC.csv,None
f05,f05,HR,4583,2013-07-02 10:07:40+00:00,2013-07-02 11:24:02+00:00,4582.0,1.0,1.0,True,0,data/Wearable_Dataset/STRESS/f05/HR.csv,None
f05,f05,EDA,18372,2013-07-02 10:07:30+00:00,2013-07-02 11:24:02.750000+00:00,4592.75,4.0,4.0,True,0,data/Wearable_Dataset/STRESS/f05/EDA.csv,None
f05,f05,ACC,146958,2013-07-02 10:07:30+00:00,2013-07-02 11:24:02.406250+00:00,4592.40625,32.0,32.0,True,0,data/Wearable_Dataset/STRESS/f05/ACC.csv,None
f06,f06,HR,3163,2013-07-11 16:05:09+00:00,2013-07-11 16:57:51+00:00,3162.0,1.0,1.0,True,0,data/Wearable_Dataset/STRESS/f06/HR.csv,None
f06,f06,EDA,12690,2013-07-11 16:04:59+00:00,2013-07-11 16:57:51.250000+00:00,3172.25,4.0,4.0,True,0,data/Wearable_Dataset/STRESS/f06/EDA.csv,None
f06,f06,ACC,101508,2013-07-11 16:04:59+00:00,2013-07-11 16:57:51.093750+00:00,3172.09375,32.0,32.0,True,0,data/Wearable_Dataset/STRESS/f06/ACC.csv,None
f07,f07,HR,3448,2013-07-12 20:01:55+00:00,2013-07-12 20:59:22+00:00,3447.0,1.0,1.0,True,0,data/Wearable_Dataset/STRESS/f07/HR.csv,None
f07,f07,EDA,13824,2013-07-12 20:01:45+00:00,2013-07-12 20:59:20.750000+00:00,3455.75,4.0,4.0,True,0,data/Wearable_Dataset/STRESS/f07/EDA.csv,None
f07,f07,ACC,110652,2013-07-12 20:01:45+00:00,2013-07-12 20:59:22.843750+00:00,3457.84375,32.0,32.0,True,0,data/Wearable_Dataset/STRESS/f07/ACC.csv,None
f08,f08,HR,3171,2013-07-03 19:16:47+00:00,2013-07-03 20:09:37+00:00,3170.0,1.0,1.0,True,0,data/Wearable_Dataset/STRESS/f08/HR.csv,None
f08,f08,EDA,12726,2013-07-03 19:16:37+00:00,2013-07-03 20:09:38.250000+00:00,3181.25,4.0,4.0,True,0,data/Wearable_Dataset/STRESS/f08/EDA.csv,None
f08,f08,ACC,101784,2013-07-03 19:16:37+00:00,2013-07-03 20:09:37.718750+00:00,3180.71875,32.0,32.0,True,0,data/Wearable_Dataset/STRESS/f08/ACC.csv,None
f09,f09,HR,3224,2013-06-30 12:03:51+00:00,2013-06-30 12:57:34+00:00,3223.0,1.0,1.0,True,0,data/Wearable_Dataset/STRESS/f09/HR.csv,None
f09,f09,EDA,12930,2013-06-30 12:03:41+00:00,2013-06-30 12:57:33.250000+00:00,3232.25,4.0,4.0,True,0,data/Wearable_Dataset/STRESS/f09/EDA.csv,None
f09,f09,ACC,103470,2013-06-30 12:03:41+00:00,2013-06-30 12:57:34.406250+00:00,3233.40625,32.0,32.0,True,0,data/Wearable_Dataset/STRESS/f09/ACC.csv,None
f10,f10,HR,2723,2013-06-30 09:59:54+00:00,2013-06-30 10:45:16+00:00,2722.0,1.0,1.0,True,0,data/Wearable_Dataset/STRESS/f10/HR.csv,None
f10,f10,EDA,10938,2013-06-30 09:59:44+00:00,2013-06-30 10:45:18.250000+00:00,2734.25,4.0,4.0,True,0,data/Wearable_Dataset/STRESS/f10/EDA.csv,None
f10,f10,ACC,87432,2013-06-30 09:59:44+00:00,2013-06-30 10:45:16.218750+00:00,2732.21875,32.0,32.0,True,0,data/Wearable_Dataset/STRESS/f10/ACC.csv,None
f11,f11,HR,3113,2013-07-14 18:02:50+00:00,2013-07-14 18:54:42+00:00,3112.0,1.0,1.0,True,0,data/Wearable_Dataset/STRESS/f11/HR.csv,None
f11,f11,EDA,12486,2013-07-14 18:02:40+00:00,2013-07-14 18:54:41.250000+00:00,3121.25,4.0,4.0,True,0,data/Wearable_Dataset/STRESS/f11/EDA.csv,None
f11,f11,ACC,99924,2013-07-14 18:02:40+00:00,2013-07-14 18:54:42.593750+00:00,3122.59375,32.0,32.0,True,0,data/Wearable_Dataset/STRESS/f11/ACC.csv,None
f12,f12,HR,4798,2013-07-01 15:21:27+00:00,2013-07-01 16:41:24+00:00,4797.0,1.0,1.0,True,0,data/Wearable_Dataset/STRESS/f12/HR.csv,None
f12,f12,EDA,19236,2013-07-01 15:21:17+00:00,2013-07-01 16:41:25.750000+00:00,4808.75,4.0,4.0,True,0,data/Wearable_Dataset/STRESS/f12/EDA.csv,None
f12,f12,ACC,153852,2013-07-01 15:21:17+00:00,2013-07-01 16:41:24.843750+00:00,4807.84375,32.0,32.0,True,0,data/Wearable_Dataset/STRESS/f12/ACC.csv,None
f13,f13,HR,3852,2013-07-03 10:51:34+00:00,2013-07-03 11:55:45+00:00,3851.0,1.0,1.0,True,0,data/Wearable_Dataset/STRESS/f13/HR.csv,None
f13,f13,EDA,15462,2013-07-03 10:51:24+00:00,2013-07-03 11:55:49.250000+00:00,3865.25,4.0,4.0,True,0,data/Wearable_Dataset/STRESS/f13/EDA.csv,None
f13,f13,ACC,123558,2013-07-03 10:51:24+00:00,2013-07-03 11:55:45.156250+00:00,3861.15625,32.0,32.0,True,0,data/Wearable_Dataset/STRESS/f13/ACC.csv,None
f14,f14_a,HR,694,2013-07-12 22:46:49+00:00,2013-07-12 22:58:22+00:00,693.0,1.0,1.0,True,0,data/Wearable_Dataset/STRESS/f14_a/HR.csv,None
f14,f14_a,EDA,2814,2013-07-12 22:46:39+00:00,2013-07-12 22:58:22.250000+00:00,703.25,4.0,4.0,True,0,data/Wearable_Dataset/STRESS/f14_a/EDA.csv,None
f14,f14_a,ACC,22518,2013-07-12 22:46:39+00:00,2013-07-12 22:58:22.656250+00:00,703.65625,32.0,32.0,True,0,data/Wearable_Dataset/STRESS/f14_a/ACC.csv,None
f14,f14_b,HR,2159,2013-07-12 23:00:04+00:00,2013-07-12 23:36:02+00:00,2158.0,1.0,1.0,True,0,data/Wearable_Dataset/STRESS/f14_b/HR.csv,None
f14,f14_b,EDA,8682,2013-07-12 22:59:54+00:00,2013-07-12 23:36:04.250000+00:00,2170.25,4.0,4.0,True,0,data/Wearable_Dataset/STRESS/f14_b/EDA.csv,None
f14,f14_b,ACC,69402,2013-07-12 22:59:54+00:00,2013-07-12 23:36:02.781250+00:00,2168.78125,32.0,32.0,True,0,data/Wearable_Dataset/STRESS/f14_b/ACC.csv,None
f15,f15,HR,4210,2013-07-13 17:19:57+00:00,2013-07-13 18:30:06+00:00,4209.0,1.0,1.0,True,0,data/Wearable_Dataset/STRESS/f15/HR.csv,None
f15,f15,EDA,16878,2013-07-13 17:19:47+00:00,2013-07-13 18:30:06.250000+00:00,4219.25,4.0,4.0,True,0,data/Wearable_Dataset/STRESS/f15/EDA.csv,None
f15,f15,ACC,135042,2013-07-13 17:19:47+00:00,2013-07-13 18:30:07.031250+00:00,4220.03125,32.0,32.0,True,0,data/Wearable_Dataset/STRESS/f15/ACC.csv,None
f16,f16,HR,3231,2013-07-19 10:53:05+00:00,2013-07-19 11:46:55+00:00,3230.0,1.0,1.0,True,0,data/Wearable_Dataset/STRESS/f16/HR.csv,None
f16,f16,EDA,12954,2013-07-19 10:52:55+00:00,2013-07-19 11:46:53.250000+00:00,3238.25,4.0,4.0,True,0,data/Wearable_Dataset/STRESS/f16/EDA.csv,None
f16,f16,ACC,103686,2013-07-19 10:52:55+00:00,2013-07-19 11:46:55.156250+00:00,3240.15625,32.0,32.0,True,0,data/Wearable_Dataset/STRESS/f16/ACC.csv,None
f17,f17,HR,3432,2013-07-20 16:01:02+00:00,2013-07-20 16:58:13+00:00,3431.0,1.0,1.0,True,0,data/Wearable_Dataset/STRESS/f17/HR.csv,None
f17,f17,EDA,13758,2013-07-20 16:00:52+00:00,2013-07-20 16:58:11.250000+00:00,3439.25,4.0,4.0,True,0,data/Wearable_Dataset/STRESS/f17/EDA.csv,None
f17,f17,ACC,110142,2013-07-20 16:00:52+00:00,2013-07-20 16:58:13.906250+00:00,3441.90625,32.0,32.0,True,0,data/Wearable_Dataset/STRESS/f17/ACC.csv,None
f18,f18,HR,3132,2013-07-21 19:25:20+00:00,2013-07-21 20:17:31+00:00,3131.0,1.0,1.0,True,0,data/Wearable_Dataset/STRESS/f18/HR.csv,None
f18,f18,EDA,12552,2013-07-21 19:25:10+00:00,2013-07-21 20:17:27.750000+00:00,3137.75,4.0,4.0,True,0,data/Wearable_Dataset/STRESS/f18/EDA.csv,None
f18,f18,ACC,100524,2013-07-21 19:25:10+00:00,2013-07-21 20:17:31.343750+00:00,3141.34375,32.0,32.0,True,0,data/Wearable_Dataset/STRESS/f18/ACC.csv,None
